<?xml version="1.0" encoding="UTF-8"?>
<emitter imageName="" name="Test Particle">
  <spawnInterval enabled="true" max="30.0" min="1.0"/>
  <spawnCount enabled="true" max="10.0" min="1.0"/>
  <initialLife enabled="true" max="500.0" min="200.0"/>
  <initialSize enabled="true" max="10.0" min="1.0"/>
  <xOffset enabled="true" max="100.0" min="0.0"/>
  <yOffset enabled="true" max="20.0" min="-20.0"/>
  <initialDistance enabled="false" max="40.0" min="0.0"/>
  <speed enabled="true" max="100.0" min="50.0"/>
  <length enabled="true" max="500.0" min="500.0"/>
  <spread value="100.0"/>
  <angularOffset value="0.0"/>
  <growthFactor value="14.0"/>
  <gravityFactor value="0.0"/>
  <windFactor value="0.0"/>
  <startAlpha value="255.0"/>
  <endAlpha value="10.0"/>
  <color>
    <step b="1.0" g="0.0" offset="0.0" r="0.0"/>
    <step b="0.0" g="1.0" offset="1.0" r="0.0"/>
  </color>
</emitter>